,Gene_set,Term,Overlap,P-value,Adjusted P-value,Odds Ratio,Combined Score,Genes,Proteins
0,ReactomePathways.gmt,ABC transporter disorders,1/46,0.4091531993359168,0.5118465843308855,2.8481301741364544,2.5452760252297417,APOA1,P02647;F8W696;A0A024R3E3;Q9Y355;Q8TDB0
1,ReactomePathways.gmt,ABC transporters in lipid homeostasis,1/4,0.04454159087064025,0.15663699364536562,29.678466076696164,92.33955824733346,APOA1,P02647;F8W696;A0A024R3E3;Q9Y355;Q8TDB0
2,ReactomePathways.gmt,ABC-family proteins mediated transport,1/57,0.4793887010147864,0.5900168627874295,2.2981916121585226,1.6897305049753872,APOA1,P02647;F8W696;A0A024R3E3;Q9Y355;Q8TDB0
3,ReactomePathways.gmt,Activation of Matrix Metalloproteinases,1/12,0.12785671140144925,0.25801714733265435,10.667256637168142,21.94089437693483,COL18A1,Q8NG19;H7BXV5;P39060-1;P39060-2;D3DSM4;P39060;H7C457;D3DSM5
4,ReactomePathways.gmt,Alanine metabolism,2/2,0.00012598613157925273,0.0025655357703411466,90.67567567567568,814.2076059105661,GPT;GPT2,A0A024R6R2;B4E1C6;B3KR40;Q8TD30;P24298;Q8TD30-2;B4DPT5
5,ReactomePathways.gmt,Amino acids regulate mTORC1,1/21,0.21307206652677863,0.33611368240843953,6.1907799958839265,9.57171866867647,ATP6V1H,E5RJG1;E5RK31;Q8TF11;A0A0D9SG68;E5RHH0;A0A024R7X3;E5RG49;Q9UI12;B3KUZ7;G3V126;Q9UI12-2;A0A024R7U9;B4E054
6,ReactomePathways.gmt,Amyloid fiber formation,3/42,0.011561902394254501,0.058860594007113826,7.543982730706961,33.64646369945987,TSPAN14;APOA1;TTR,A6NEP9;P02766;F8W696;Q8N2P5;Q8NG11;A0A087WT59;A0A024R3E3;H7BXY6;Q8NG11-3;A6XGL1;Q8NG11-2;A6XMH1;Q8TDB0;P02647;E9KL36;Q53WY6;Q9Y355;A0A087WV45;Q8TDB2
7,ReactomePathways.gmt,Antimicrobial peptides,1/19,0.19487226525488385,0.3209660839492205,6.828454731109598,11.16732987805254,CLU,H0YC35;E7ETB4;P10909-3;E5RH61;P10909-5;E7ERK6;Q6LDQ3;Q8IWL5;E5RG36;P10909-2;H0YLK8;P10909-4;E5RJZ5;Q8IWM0;H0YAS8;B4DW11;P10909;E5RGB0
8,ReactomePathways.gmt,Assembly of collagen fibrils and other multimeric structures,1/21,0.21307206652677863,0.33611368240843953,6.1907799958839265,9.57171866867647,COL18A1,Q8NG19;H7BXV5;P39060-1;P39060-2;D3DSM4;P39060;H7C457;D3DSM5
9,ReactomePathways.gmt,"BMAL1:CLOCK,NPAS2 activates circadian gene expression",1/3,0.0335924293667453,0.1320123540026482,38.16561314791403,129.5132737378945,NAMPT,B7Z8W6;C9JG65;P43490;A0A0C4DFS8;A0A024R718;Q658Z1;C9JF35
10,ReactomePathways.gmt,Bacterial Infection Pathways,1/39,0.3596950907577112,0.4711795340919726,3.3575669317799934,3.433107408353594,ATP6V1H,E5RJG1;E5RK31;Q8TF11;A0A0D9SG68;E5RHH0;A0A024R7X3;E5RG49;Q9UI12;B3KUZ7;G3V126;Q9UI12-2;A0A024R7U9;B4E054
11,ReactomePathways.gmt,Binding and Uptake of Ligands by Scavenger Receptors,2/67,0.17531713962140344,0.3084534200887511,3.3149816483149817,5.771909199465477,APOA1;HPX,P02647;F8W696;A0A024R3E3;Q9Y355;Q9BS19;P02790;B7Z8Q4;Q8TDB0
12,ReactomePathways.gmt,Blockage of phagosome acidification,1/1,0.01132300357568534,0.058860594007113826,89.08849557522124,399.19832429587416,ATP6V1H,E5RJG1;E5RK31;Q8TF11;A0A0D9SG68;E5RHH0;A0A024R7X3;E5RG49;Q9UI12;B3KUZ7;G3V126;Q9UI12-2;A0A024R7U9;B4E054
13,ReactomePathways.gmt,CDC42 GTPase cycle,1/37,0.34483206278981515,0.45436695332305055,3.538053097345133,3.7669571897654444,ABR,B7Z2X0;B7Z683;A0A0G2JQ41;B7Z7Z1;I3L1U8;Q12979-3;Q12979-2;I3L379;Q6ZT60;Q12979;Q12979-4
14,ReactomePathways.gmt,Cardiac conduction,2/37,0.06518236038619651,0.19474898769574386,6.003003003003003,16.39159825634416,ATP2A2;ATP1A1,Q5TC01;P05023;P05023-4;Q58I23;P05023-2;P16615-2;B7Z3V1;P05023-3;Q5TC02;B7Z1N5
15,ReactomePathways.gmt,Cargo recognition for clathrin-mediated endocytosis,1/46,0.4091531993359168,0.5118465843308855,2.8481301741364544,2.5452760252297417,COPS5,Q92905;A0A024R7W9;E5RHF2;Q59GH5;E5RG35;E5RK55;E5RFS1;E5RHH5;H0UI27
16,ReactomePathways.gmt,Carnitine metabolism,1/9,0.09748535950233025,0.22986021608970503,14.044247787610619,32.69575419469378,CPT1A,P50416-2;P50416;B2RAQ8;A0A024R5F4
17,ReactomePathways.gmt,"Cell death signalling via NRAGE, NRIF and NADE",1/12,0.12785671140144925,0.25801714733265435,10.667256637168142,21.94089437693483,ABR,B7Z2X0;B7Z683;A0A0G2JQ41;B7Z7Z1;I3L1U8;Q12979-3;Q12979-2;I3L379;Q6ZT60;Q12979;Q12979-4
18,ReactomePathways.gmt,Cell recruitment (pro-inflammatory response),1/9,0.09748535950233025,0.22986021608970503,14.044247787610619,32.69575419469378,SUGT1,B4DYC6;Q9Y2Z0;Q9P1S2;Q9Y2Z0-2;A8K7W3;A8K5T7
19,ReactomePathways.gmt,Cellular response to chemical stress,1/119,0.7462368514486715,0.8075220035000116,1.0920502092050208,0.31965645629992684,NDUFA4,O00483;A0A024R9Z0
20,ReactomePathways.gmt,Cellular response to starvation,1/105,0.7012939127619467,0.7700482179346866,1.240489871241035,0.4401607923625284,ATP6V1H,E5RJG1;E5RK31;Q8TF11;A0A0D9SG68;E5RHH0;A0A024R7X3;E5RG49;Q9UI12;B3KUZ7;G3V126;Q9UI12-2;A0A024R7U9;B4E054
21,ReactomePathways.gmt,Cellular responses to stimuli,3/404,0.8475956508250961,0.8669471497023815,0.7351583674487702,0.12155960037611976,APOA1;NDUFA4;ATP6V1H,F8W696;G3V126;O00483;Q8TF11;Q9UI12;A0A024R3E3;B3KUZ7;A0A024R7U9;E5RJG1;A0A024R7X3;Q8TDB0;E5RK31;P02647;A0A024R9Z0;A0A0D9SG68;E5RHH0;E5RG49;Q9Y355;Q9UI12-2;B4E054
22,ReactomePathways.gmt,Cellular responses to stress,3/395,0.8362537187766124,0.8652599803855826,0.7533490297962167,0.1347162997305133,APOA1;NDUFA4;ATP6V1H,F8W696;G3V126;O00483;Q8TF11;Q9UI12;A0A024R3E3;B3KUZ7;A0A024R7U9;E5RJG1;A0A024R7X3;Q8TDB0;E5RK31;P02647;A0A024R9Z0;A0A0D9SG68;E5RHH0;E5RG49;Q9Y355;Q9UI12-2;B4E054
23,ReactomePathways.gmt,Chylomicron assembly,1/9,0.09748535950233025,0.22986021608970503,14.044247787610619,32.69575419469378,APOA1,P02647;F8W696;A0A024R3E3;Q9Y355;Q8TDB0
24,ReactomePathways.gmt,Chylomicron remodeling,1/8,0.08713250490213563,0.22694978021021373,15.699635606454972,38.312217565093526,APOA1,P02647;F8W696;A0A024R3E3;Q9Y355;Q8TDB0
25,ReactomePathways.gmt,Circadian Clock,2/13,0.009070170302005135,0.058860594007113826,16.75508842175509,78.79523064483074,CPT1A;NAMPT,B7Z8W6;C9JG65;P50416-2;P43490;A0A0C4DFS8;A0A024R5F4;P50416;A0A024R718;B2RAQ8;Q658Z1;C9JF35
26,ReactomePathways.gmt,Class A/1 (Rhodopsin-like receptors),1/11,0.11784620647794605,0.24670607711270948,11.597152751058099,24.799059653034984,KNG1,Q05CF8;P01042-3;B4DPP8;D3DNU8;P01042-2
27,ReactomePathways.gmt,Clathrin-mediated endocytosis,1/67,0.5360804665155458,0.6421498636335948,1.9537856440511308,1.2181286992126348,COPS5,Q92905;A0A024R7W9;E5RHF2;Q59GH5;E5RG35;E5RK55;E5RFS1;E5RHH5;H0UI27
28,ReactomePathways.gmt,Collagen biosynthesis and modifying enzymes,1/17,0.17625909719357205,0.3084534200887511,7.61188369152971,13.21270941178855,COL18A1,Q8NG19;H7BXV5;P39060-1;P39060-2;D3DSM4;P39060;H7C457;D3DSM5
29,ReactomePathways.gmt,Collagen chain trimerization,1/11,0.11784620647794605,0.24670607711270948,11.597152751058099,24.799059653034984,COL18A1,Q8NG19;H7BXV5;P39060-1;P39060-2;D3DSM4;P39060;H7C457;D3DSM5
30,ReactomePathways.gmt,Collagen degradation,1/19,0.19487226525488385,0.3209660839492205,6.828454731109598,11.16732987805254,COL18A1,Q8NG19;H7BXV5;P39060-1;P39060-2;D3DSM4;P39060;H7C457;D3DSM5
31,ReactomePathways.gmt,Collagen formation,1/26,0.25682180786292325,0.3760005553025804,5.017699115044247,6.82092364132071,COL18A1,Q8NG19;H7BXV5;P39060-1;P39060-2;D3DSM4;P39060;H7C457;D3DSM5
32,ReactomePathways.gmt,Common Pathway of Fibrin Clot Formation,1/11,0.11784620647794605,0.24670607711270948,11.597152751058099,24.799059653034984,SERPIND1,Q8IVC0;P05546
33,ReactomePathways.gmt,Complement cascade,2/79,0.2249381599263288,0.3451106015308058,2.8078078078078077,4.189052026937308,CLU;SERPING1,P10909-5;Q8IWM0;P10909-2;H0YC35;E7ERK6;E9KL26;E5RJZ5;B4DW11;E7ETB4;P10909-3;A0A0S2Z333;Q6LDQ3;E5RG36;P05155-3;P10909-4;H9KV48;H0YAS8;P10909;P05155;P05155-2;E5RGB0;E5RH61;Q8IWL5;H0YLK8;E9PGN7;H0YCA1;Q5UGI6
34,ReactomePathways.gmt,Creatine metabolism,1/6,0.06607554939677024,0.19474898769574386,20.53846153846154,55.80210665458797,GATM,H0YKW9;P50440-2;H0YMX4;A0A024R5Q4;H0YN43;H0YLC6;P50440;P50440-3
35,ReactomePathways.gmt,Cytoprotection by HMOX1,1/30,0.2900931143868717,0.40111640507814356,4.356158421587117,5.390978332089901,NDUFA4,O00483;A0A024R9Z0
36,ReactomePathways.gmt,Cytosolic tRNA aminoacylation,1/24,0.23961638359720175,0.357827132838488,5.429474444645114,7.757177206797059,EPRS1,B4DKX5;Q3KQZ8;H6WCP5;P07814;B4DP50;V9GZ76;V9GYZ6
37,ReactomePathways.gmt,DNA Damage Recognition in GG-NER,1/17,0.17625909719357205,0.3084534200887511,7.61188369152971,13.21270941178855,COPS5,Q92905;A0A024R7W9;E5RHF2;Q59GH5;E5RG35;E5RK55;E5RFS1;E5RHH5;H0UI27
38,ReactomePathways.gmt,DNA Repair,1/67,0.5360804665155458,0.6421498636335948,1.9537856440511308,1.2181286992126348,COPS5,Q92905;A0A024R7W9;E5RHF2;Q59GH5;E5RG35;E5RK55;E5RFS1;E5RHH5;H0UI27
39,ReactomePathways.gmt,Death Receptor Signaling,1/29,0.2819151247991697,0.39716344625794975,4.5047247637618115,5.703653787556555,ABR,B7Z2X0;B7Z683;A0A0G2JQ41;B7Z7Z1;I3L1U8;Q12979-3;Q12979-2;I3L379;Q6ZT60;Q12979;Q12979-4
40,ReactomePathways.gmt,Defective ABCA1 causes TGD,1/1,0.01132300357568534,0.058860594007113826,89.08849557522124,399.19832429587416,APOA1,P02647;F8W696;A0A024R3E3;Q9Y355;Q8TDB0
41,ReactomePathways.gmt,Defective B4GALT1 causes B4GALT1-CDG (CDG-2d),2/5,0.0012325417093094347,0.013147111565967304,41.19164619164619,275.9295251671814,PRELP;LUM,P51888;P51884;Q7Z4B2;Q53FV4;Q6FHG6
42,ReactomePathways.gmt,Defective CHST6 causes MCDC1,2/5,0.0012325417093094347,0.013147111565967304,41.19164619164619,275.9295251671814,PRELP;LUM,P51888;P51884;Q7Z4B2;Q53FV4;Q6FHG6
43,ReactomePathways.gmt,Defective CP causes aceruloplasminemia (ACERULOP),1/1,0.01132300357568534,0.058860594007113826,89.08849557522124,399.19832429587416,CP,A8K5A4;B7Z5Q2;A5PL27;H7C5N5;P00450;Q1L857;B3KTA8;Q6NSB2;D6RE86
44,ReactomePathways.gmt,Defective SERPING1 causes hereditary angioedema,1/3,0.0335924293667453,0.1320123540026482,38.16561314791403,129.5132737378945,SERPING1,A0A0S2Z333;E9KL26;P05155-3;E9PGN7;H0YCA1;H9KV48;P05155;P05155-2;Q5UGI6
45,ReactomePathways.gmt,Defective SLC40A1 causes hemochromatosis 4 (HFE4) (macrophages),1/1,0.01132300357568534,0.058860594007113826,89.08849557522124,399.19832429587416,CP,A8K5A4;B7Z5Q2;A5PL27;H7C5N5;P00450;Q1L857;B3KTA8;Q6NSB2;D6RE86
46,ReactomePathways.gmt,Defective ST3GAL3 causes MCT12 and EIEE15,2/5,0.0012325417093094347,0.013147111565967304,41.19164619164619,275.9295251671814,PRELP;LUM,P51888;P51884;Q7Z4B2;Q53FV4;Q6FHG6
47,ReactomePathways.gmt,Defects of contact activation system (CAS) and kallikrein/kinin system (KKS),1/7,0.07666299841912184,0.21465639557354116,17.79646017699115,45.70729124185897,SERPING1,A0A0S2Z333;E9KL26;P05155-3;E9PGN7;H0YCA1;H9KV48;P05155;P05155-2;Q5UGI6
48,ReactomePathways.gmt,Degradation of the extracellular matrix,2/46,0.09504121406802915,0.22986021608970503,4.83241305821951,11.372816654419722,COL18A1;A2M,P01023;Q8NG19;H7BXV5;P39060-1;B7Z7M2;P39060-2;P20742-2;D3DSM4;P39060;B2R950;H7C457;P20742;Q9BQ22;F8W7L3;D3DSM5;H0YFH1
49,ReactomePathways.gmt,Developmental Biology,1/380,0.9888898537780028,0.9888898537780028,0.32475899201097763,0.0036283129625627663,TGM5,O43548-2;O43548;P21980-2;P21980-3;P21980;B4DIT7;A2A2A0;Q9H035;B4YUQ1;A0A087WVW4;B4YUQ3;Q6DKH2;B4YUQ2;A0A024R9T4;P49221;A0A087WZC4;B2R7D1;A0A087WVS3;B4DPS8;Q0II16;A0A024R9P4;B4DTN7;A2A299;B4DU73;V9HWG3
50,ReactomePathways.gmt,Disease,10/654,0.19873227419543746,0.3249345213122481,1.4794821277793413,2.3905423632440006,APOA1;RBP4;SUGT1;PRELP;ATP1A1;CP;LUM;TTR;ATP6V1H;SERPING1,P02766;F8W696;Q58I23;P05023-2;A8K7W3;P05023-3;Q1L857;A0A087WT59;G3V126;Q5VY30;Q5TC01;Q8TF11;A0A0C4DGV7;Q9P1S2;Q9UI12;A0A024R3E3;B3KUZ7;Q9Y2Z0-2;Q8TDB2;E9KL26;P51884;B3KTA8;A0A024R7U9;E5RJG1;P05023-4;Q9Y2Z0;P51888;A0A024R7X3;H7C5N5;A0A0S2Z333;A6XGL1;B7Z3V1;P05155-3;Q6NSB2;Q7Z4B2;H9KV48;A6XMH1;B7Z1N5;D6RE86;P05155;P05155-2;P02753;B4DYC6;Q8TDB0;P05023;A8K5A4;P02647;B7Z5Q2;A0A0D9SG68;A5PL27;E9KL36;E5RHH0;E5RG49;P00450;Q53WY6;Q9Y355;Q9UI12-2;E9PGN7;H0YCA1;A0A087WV45;B4E054;Q5TC02;E5RK31;Q53FV4;Q6FHG6;A8K5T7;Q5UGI6
51,ReactomePathways.gmt,Diseases associated with glycosaminoglycan metabolism,2/14,0.010505418956330222,0.058860594007113826,15.59645852749301,71.05534492902534,PRELP;LUM,P51888;P51884;Q7Z4B2;Q53FV4;Q6FHG6
52,ReactomePathways.gmt,Diseases associated with visual transduction,2/2,0.00012598613157925273,0.0025655357703411466,90.67567567567568,814.2076059105661,RBP4;TTR,A0A0C4DGV7;E9KL36;P02766;Q53WY6;A6XGL1;Q8TDB2;A0A087WT59;A0A087WV45;A6XMH1;Q5VY30;P02753
53,ReactomePathways.gmt,Diseases of glycosylation,2/30,0.04475342675581875,0.15663699364536562,7.391079604194358,22.96103374818703,LUM;PRELP,P51888;P51884;Q7Z4B2;Q53FV4;Q6FHG6
54,ReactomePathways.gmt,Diseases of hemostasis,1/7,0.07666299841912184,0.21465639557354116,17.79646017699115,45.70729124185897,SERPING1,A0A0S2Z333;E9KL26;P05155-3;E9PGN7;H0YCA1;H9KV48;P05155;P05155-2;Q5UGI6
55,ReactomePathways.gmt,Diseases of metabolism,2/70,0.18756344375731882,0.3158963263281159,3.1720017890230654,5.308783123819472,LUM;PRELP,P51888;P51884;Q7Z4B2;Q53FV4;Q6FHG6
56,ReactomePathways.gmt,Diseases of the neuronal system,2/2,0.00012598613157925273,0.0025655357703411466,90.67567567567568,814.2076059105661,RBP4;TTR,A0A0C4DGV7;E9KL36;P02766;Q53WY6;A6XGL1;Q8TDB2;A0A087WT59;A0A087WV45;A6XMH1;Q5VY30;P02753
57,ReactomePathways.gmt,Disorders of transmembrane transporters,2/60,0.14733917878554226,0.28247752521326863,3.703745067381431,7.092738513464117,APOA1;CP,A8K5A4;B7Z5Q2;P02647;A5PL27;F8W696;H7C5N5;P00450;A0A024R3E3;Q9Y355;Q1L857;B3KTA8;Q6NSB2;D6RE86;Q8TDB0
58,ReactomePathways.gmt,ECM proteoglycans,1/36,0.3372739627248524,0.44703767840453806,3.6357134198084617,3.9515105171543206,LUM,P51884;Q53FV4
59,ReactomePathways.gmt,Elastic fibre formation,1/18,0.18561792347620445,0.3149879913535591,7.198995455632624,12.123575510538224,MFAP4,P55083;P55083-2;K7ES70;A0A024QZ34
60,ReactomePathways.gmt,Extracellular matrix organization,5/109,0.00743159122352875,0.05548921446901467,4.712372254838009,23.100120803916642,COL18A1;A2M;LUM;TTR;MFAP4,H7BXV5;P02766;B7Z7M2;A0A087WT59;P20742;Q9BQ22;H0YFH1;P20742-2;P51884;P39060;P55083;H7C457;P39060-1;K7ES70;P39060-2;A6XGL1;D3DSM5;A6XMH1;P01023;Q8NG19;E9KL36;Q53WY6;A0A024QZ34;D3DSM4;P55083-2;B2R950;A0A087WV45;Q8TDB2;Q53FV4;F8W7L3
61,ReactomePathways.gmt,Fatty acid metabolism,4/88,0.017034685869181877,0.08295151379775523,4.701251386028829,19.145863515472204,ACSL6;ACSL1;CPT1A;ACSL5,E7EPM6;Q9UKU0-3;P50416;B2RB13;B7Z3Z9;P33121-2;Q9UKU0-1;D6RG07;Q9ULC5-3;Q108N2;H0Y9Z9;E7ERD7;Q9UKU0-5;P33121;Q9UKU0-6;Q108N1;A8K9T3;Q9UKU0-8;P33121-3;B4DX30;Q9UKU0-7;Q9ULC5;D6RER0;Q9UKU0-9;B3KV64;Q9UKU0-2;H0Y9U7;B4DFW3;B4E0R0;P50416-2;Q9ULC5-4;B2RAQ8;Q9UKU0;A0A024R5F4
62,ReactomePathways.gmt,Fatty acyl-CoA biosynthesis,3/21,0.0015842434436830466,0.015429153538478367,14.975250693407297,96.55514979829384,ACSL6;ACSL1;ACSL5,E7EPM6;Q9UKU0-3;B2RB13;B7Z3Z9;P33121-2;Q9UKU0-1;D6RG07;Q9ULC5-3;Q108N2;H0Y9Z9;E7ERD7;Q9UKU0-5;P33121;Q9UKU0-6;Q108N1;A8K9T3;Q9UKU0-8;P33121-3;B4DX30;Q9UKU0-7;Q9ULC5;D6RER0;Q9UKU0-9;B3KV64;Q9UKU0-2;H0Y9U7;B4DFW3;B4E0R0;Q9ULC5-4;Q9UKU0
63,ReactomePathways.gmt,Formation of Fibrin Clot (Clotting Cascade),4/20,6.255206406576888e-05,0.002001666050104604,20.57465238203784,199.15258069753946,A2M;KNG1;SERPIND1;SERPING1,B7Z7M2;P01042-3;P20742;D3DNU8;Q9BQ22;H0YFH1;E9KL26;P20742-2;A0A0S2Z333;P05546;P05155-3;B4DPP8;H9KV48;P01042-2;P05155;P05155-2;P01023;Q05CF8;Q8IVC0;E9PGN7;H0YCA1;B2R950;F8W7L3;Q5UGI6
64,ReactomePathways.gmt,Formation of TC-NER Pre-Incision Complex,1/17,0.17625909719357205,0.3084534200887511,7.61188369152971,13.21270941178855,COPS5,Q92905;A0A024R7W9;E5RHF2;Q59GH5;E5RG35;E5RK55;E5RFS1;E5RHH5;H0UI27
65,ReactomePathways.gmt,Formation of the Editosome,1/1,0.01132300357568534,0.058860594007113826,89.08849557522124,399.19832429587416,APOBEC2,B4DUL0;Q9Y235
66,ReactomePathways.gmt,Formation of the cornified envelope,1/46,0.4091531993359168,0.5118465843308855,2.8481301741364544,2.5452760252297417,TGM5,O43548-2;O43548;P21980-2;P21980-3;P21980;B4DIT7;A2A2A0;Q9H035;B4YUQ1;A0A087WVW4;B4YUQ3;Q6DKH2;B4YUQ2;A0A024R9T4;P49221;A0A087WZC4;B2R7D1;A0A087WVS3;B4DPS8;Q0II16;A0A024R9P4;B4DTN7;A2A299;B4DU73;V9HWG3
67,ReactomePathways.gmt,G alpha (12/13) signalling events,1/20,0.20402326842147836,0.32878569875115937,6.494064321174185,10.322453112380439,ABR,B7Z2X0;B7Z683;A0A0G2JQ41;B7Z7Z1;I3L1U8;Q12979-3;Q12979-2;I3L379;Q6ZT60;Q12979;Q12979-4
68,ReactomePathways.gmt,G alpha (i) signalling events,1/59,0.49124639175558554,0.6013070587609354,2.2200490815795346,1.578031890743501,KNG1,Q05CF8;P01042-3;B4DPP8;D3DNU8;P01042-2
69,ReactomePathways.gmt,G alpha (q) signalling events,1/27,0.2652805053373268,0.3809155974074436,4.834271922767498,6.414921737906518,KNG1,Q05CF8;P01042-3;B4DPP8;D3DNU8;P01042-2
70,ReactomePathways.gmt,GPCR downstream signalling,2/94,0.2882095060765776,0.40111640507814356,2.3549740216406883,2.9297469066147244,KNG1;ABR,B7Z2X0;Q05CF8;B7Z683;A0A0G2JQ41;B7Z7Z1;I3L1U8;Q12979-3;P01042-3;B4DPP8;Q12979-2;I3L379;Q6ZT60;D3DNU8;P01042-2;Q12979;Q12979-4
71,ReactomePathways.gmt,GPCR ligand binding,1/22,0.22201978091097443,0.34298228223488464,5.9144542772861355,8.901187432869714,KNG1,Q05CF8;P01042-3;B4DPP8;D3DNU8;P01042-2
72,ReactomePathways.gmt,Gene expression (Transcription),2/273,0.823804376146211,0.8622999077418283,0.7842119999341206,0.1519976832111395,NDUFA4;NAMPT,A0A024R9Z0;B7Z8W6;C9JG65;P43490;A0A0C4DFS8;O00483;A0A024R718;Q658Z1;C9JF35
73,ReactomePathways.gmt,Generic Transcription Pathway,2/225,0.7311073217407515,0.7949904857763512,0.9607279119474241,0.30089519283344357,NDUFA4;NAMPT,A0A024R9Z0;B7Z8W6;C9JG65;P43490;A0A0C4DFS8;O00483;A0A024R718;Q658Z1;C9JF35
74,ReactomePathways.gmt,Global Genome Nucleotide Excision Repair (GG-NER),1/25,0.24826745468202385,0.3682907937004857,5.215512753774076,7.266506195172361,COPS5,Q92905;A0A024R7W9;E5RHF2;Q59GH5;E5RG35;E5RK55;E5RFS1;E5RHH5;H0UI27
75,ReactomePathways.gmt,Glycogen breakdown (glycogenolysis),1/11,0.11784620647794605,0.24670607711270948,11.597152751058099,24.799059653034984,PYGM,B2RB32;A0A0M4FEM1;P11217-2;B4DRW6;B4DRQ4;P11217
76,ReactomePathways.gmt,Glycogen metabolism,1/17,0.17625909719357205,0.3084534200887511,7.61188369152971,13.21270941178855,PYGM,B2RB32;A0A0M4FEM1;P11217-2;B4DRW6;B4DRQ4;P11217
77,ReactomePathways.gmt,Glycosaminoglycan metabolism,2/19,0.019039771459973542,0.09074274057519305,11.585816585816586,45.89402923455095,LUM;PRELP,P51888;P51884;Q7Z4B2;Q53FV4;Q6FHG6
78,ReactomePathways.gmt,HDL assembly,2/5,0.0012325417093094347,0.013147111565967304,41.19164619164619,275.9295251671814,APOA1;A2M,P01023;P02647;F8W696;A0A024R3E3;B7Z7M2;P20742-2;Q9Y355;B2R950;P20742;Q9BQ22;F8W7L3;H0YFH1;Q8TDB0
79,ReactomePathways.gmt,HDL clearance,1/2,0.022520021019791423,0.10088969416866557,53.442477876106196,202.72605243466916,APOA1,P02647;F8W696;A0A024R3E3;Q9Y355;Q8TDB0
80,ReactomePathways.gmt,HDL remodeling,1/6,0.06607554939677024,0.19474898769574386,20.53846153846154,55.80210665458797,APOA1,P02647;F8W696;A0A024R3E3;Q9Y355;Q8TDB0
81,ReactomePathways.gmt,HIV Infection,1/100,0.683417929890511,0.7692744537461028,1.3035266147140405,0.4961857156608464,ATP6V1H,E5RJG1;E5RK31;Q8TF11;A0A0D9SG68;E5RHH0;A0A024R7X3;E5RG49;Q9UI12;B3KUZ7;G3V126;Q9UI12-2;A0A024R7U9;B4E054
82,ReactomePathways.gmt,Heme signaling,1/10,0.10772283900648288,0.24622363201481803,12.70417193426043,28.30735530814533,APOA1,P02647;F8W696;A0A024R3E3;Q9Y355;Q8TDB0
83,ReactomePathways.gmt,Hemostasis,11/288,0.0003079130752119536,0.005305579142113662,4.068858202418889,32.89953844056275,APOA1;AHSG;KNG1;CLU;ITIH4;SERPIND1;CLEC3B;A1BG;SERPING1;A2M;ATP2A2,P10909-5;P05452;F8W696;P02765;B7Z7M2;P01042-3;Q8IWM0;P10909-2;P04217;D3DNU8;B7Z8Q7;B7Z8Q2;P20742;Q9BQ22;H0YFH1;Q14624;H0YC35;E7ERK6;A0A024R3E3;P04217-2;Q68DH2;E9KL26;P16615-2;P20742-2;E5RJZ5;Q14624-4;B3KP79;B3KWB5;B4DW11;A0A024R2Q7;E7ETB4;B7Z544;Q14624-2;P10909-3;A0A0S2Z333;Q6LDQ3;E5RG36;P05546;B4DPP8;P05155-3;H7C0L5;V9HWD8;P10909-4;H9KV48;H0YAS8;P01042-2;B7ZKJ8;P05155;P10909;P05155-2;Q8TDB0;E5RGB0;P01023;Q14624-3;P02647;Q05CF8;E5RH61;Q8IWL5;B7Z551;C9JV77;B2RMS9;E9PHK0;Q7Z3U3;H0YLK8;Q8IVC0;Q9Y355;E9PGN7;H0YCA1;B2R950;M0R009;F8W7L3;Q5UGI6
84,ReactomePathways.gmt,Host Interactions of HIV factors,1/80,0.6007925204474084,0.6972928734726398,1.633980102237124,0.8325220580180589,ATP6V1H,E5RJG1;E5RK31;Q8TF11;A0A0D9SG68;E5RHH0;A0A024R7X3;E5RG49;Q9UI12;B3KUZ7;G3V126;Q9UI12-2;A0A024R7U9;B4E054
85,ReactomePathways.gmt,Immune System,9/709,0.4113052909801759,0.5118465843308855,1.194168973358616,1.0609230497394457,ERP44;AHSG;SUGT1;TSPAN14;A1BG;SERPING1;TTR;ATP6V1H;CLU,A6NEP9;Q9BS26;P10909-5;P02766;P02765;Q8N2P5;A8K7W3;Q8NG11;A0A087WT59;G3V126;Q8IWM0;P10909-2;P04217;B7Z8Q2;H0YC35;Q8TF11;E7ERK6;Q9P1S2;Q9UI12;E9KL26;P04217-2;Q9Y2Z0-2;B3KUZ7;H7BXY6;A0A024R7U9;E5RJZ5;Q8NG11-3;B4DW11;B3KP79;B3KWB5;E5RJG1;E7ETB4;P10909-3;Q9Y2Z0;A0A0S2Z333;A0A024R7X3;Q6LDQ3;E5RG36;P05155-3;A6XGL1;V9HWD8;P10909-4;Q8NG11-2;H9KV48;A6XMH1;H0YAS8;P10909;P05155;P05155-2;E5RGB0;B4DYC6;E5RK31;E5RH61;A0A0D9SG68;E9KL36;E5RHH0;Q8IWL5;Q7Z3U3;C9JV77;Q53WY6;E5RG49;H0YLK8;Q9UI12-2;E9PGN7;H0YCA1;A0A087WV45;B4E054;Q8TDB2;M0R009;A8K5T7;Q5UGI6
86,ReactomePathways.gmt,Infection with Mycobacterium tuberculosis,1/18,0.18561792347620445,0.3149879913535591,7.198995455632624,12.123575510538224,ATP6V1H,E5RJG1;E5RK31;Q8TF11;A0A0D9SG68;E5RHH0;A0A024R7X3;E5RG49;Q9UI12;B3KUZ7;G3V126;Q9UI12-2;A0A024R7U9;B4E054
87,ReactomePathways.gmt,Infectious disease,3/467,0.9097788629975002,0.9221288023142084,0.6274346268949614,0.05932627595759659,ATP1A1;ATP6V1H;SUGT1,Q58I23;P05023-2;A8K7W3;G3V126;P05023-3;Q5TC01;Q8TF11;Q9P1S2;Q9UI12;B3KUZ7;Q9Y2Z0-2;A0A024R7U9;E5RJG1;P05023-4;Q9Y2Z0;A0A024R7X3;B7Z3V1;B7Z1N5;B4DYC6;E5RK31;P05023;A0A0D9SG68;E5RHH0;E5RG49;Q9UI12-2;B4E054;Q5TC02;A8K5T7
88,ReactomePathways.gmt,Inflammasomes,1/5,0.05536885316097297,0.18511377773220813,24.277554304102978,70.25288290911664,SUGT1,B4DYC6;Q9Y2Z0;Q9P1S2;Q9Y2Z0-2;A8K7W3;A8K5T7
89,ReactomePathways.gmt,Innate Immune System,9/483,0.0910616366784316,0.22986021608970503,1.8439109158946256,4.4184137728287585,ERP44;AHSG;SUGT1;TSPAN14;A1BG;SERPING1;TTR;ATP6V1H;CLU,A6NEP9;Q9BS26;P10909-5;P02766;P02765;Q8N2P5;A8K7W3;Q8NG11;A0A087WT59;G3V126;Q8IWM0;P10909-2;P04217;B7Z8Q2;H0YC35;Q8TF11;E7ERK6;Q9P1S2;Q9UI12;E9KL26;P04217-2;Q9Y2Z0-2;B3KUZ7;H7BXY6;A0A024R7U9;E5RJZ5;Q8NG11-3;B4DW11;B3KP79;B3KWB5;E5RJG1;E7ETB4;P10909-3;Q9Y2Z0;A0A0S2Z333;A0A024R7X3;Q6LDQ3;E5RG36;P05155-3;A6XGL1;V9HWD8;P10909-4;Q8NG11-2;H9KV48;A6XMH1;H0YAS8;P10909;P05155;P05155-2;E5RGB0;B4DYC6;E5RK31;E5RH61;A0A0D9SG68;E9KL36;E5RHH0;Q8IWL5;Q7Z3U3;C9JV77;Q53WY6;E5RG49;H0YLK8;Q9UI12-2;E9PGN7;H0YCA1;A0A087WV45;B4E054;Q8TDB2;M0R009;A8K5T7;Q5UGI6
90,ReactomePathways.gmt,Insulin receptor recycling,1/13,0.13775558982640293,0.2683239314879501,9.87512291052114,19.5752018835318,ATP6V1H,E5RJG1;E5RK31;Q8TF11;A0A0D9SG68;E5RHH0;A0A024R7X3;E5RG49;Q9UI12;B3KUZ7;G3V126;Q9UI12-2;A0A024R7U9;B4E054
91,ReactomePathways.gmt,Integrin cell surface interactions,2/37,0.06518236038619651,0.19474898769574386,6.003003003003003,16.39159825634416,COL18A1;LUM,Q8NG19;H7BXV5;P39060-1;P39060-2;D3DSM4;P51884;P39060;H7C457;Q53FV4;D3DSM5
92,ReactomePathways.gmt,Intrinsic Pathway of Fibrin Clot Formation,4/15,1.8382972138129366e-05,0.0008771894423868602,27.238769972867047,297.0138834840736,A2M;KNG1;SERPIND1;SERPING1,B7Z7M2;P01042-3;P20742;D3DNU8;Q9BQ22;H0YFH1;E9KL26;P20742-2;A0A0S2Z333;P05546;P05155-3;B4DPP8;H9KV48;P01042-2;P05155;P05155-2;P01023;Q05CF8;Q8IVC0;E9PGN7;H0YCA1;B2R950;F8W7L3;Q5UGI6
93,ReactomePathways.gmt,Ion channel transport,3/44,0.013128039767353198,0.06534846461971369,7.202041026698279,31.206479029860283,ATP2A2;ATP1A1;ATP6V1H,Q58I23;P05023-2;G3V126;P05023-3;Q5TC01;Q8TF11;Q9UI12;B3KUZ7;P16615-2;A0A024R7U9;E5RJG1;P05023-4;A0A024R7X3;B7Z3V1;B7Z1N5;E5RK31;P05023;A0A0D9SG68;E5RHH0;E5RG49;Q9UI12-2;B4E054;Q5TC02
94,ReactomePathways.gmt,Ion homeostasis,2/33,0.05316957784788717,0.1832305451988727,6.72515799381471,19.733421889418484,ATP2A2;ATP1A1,Q5TC01;P05023;P05023-4;Q58I23;P05023-2;P16615-2;B7Z3V1;P05023-3;Q5TC02;B7Z1N5
95,ReactomePathways.gmt,Ion transport by P-type ATPases,2/22,0.025170064458666718,0.1105508713478695,10.035035035035035,36.950001588369645,ATP2A2;ATP1A1,Q5TC01;P05023;P05023-4;Q58I23;P05023-2;P16615-2;B7Z3V1;P05023-3;Q5TC02;B7Z1N5
96,ReactomePathways.gmt,Iron uptake and transport,2/26,0.03440862515954134,0.13288848337478032,8.513513513513514,28.685841205792382,ATP6V1H;CP,G3V126;Q1L857;Q8TF11;Q9UI12;B3KUZ7;A0A024R7U9;B3KTA8;E5RJG1;A0A024R7X3;H7C5N5;Q6NSB2;D6RE86;E5RK31;A8K5A4;B7Z5Q2;A0A0D9SG68;E5RHH0;A5PL27;E5RG49;P00450;Q9UI12-2;B4E054
97,ReactomePathways.gmt,Keratan sulfate biosynthesis,2/5,0.0012325417093094347,0.013147111565967304,41.19164619164619,275.9295251671814,PRELP;LUM,P51888;P51884;Q7Z4B2;Q53FV4;Q6FHG6
98,ReactomePathways.gmt,Keratan sulfate degradation,2/8,0.0033764530380257394,0.0290894415583756,26.63751987281399,151.5922481178185,PRELP;LUM,P51888;P51884;Q7Z4B2;Q53FV4;Q6FHG6
99,ReactomePathways.gmt,Keratan sulfate/keratin metabolism,2/8,0.0033764530380257394,0.0290894415583756,26.63751987281399,151.5922481178185,PRELP;LUM,P51888;P51884;Q7Z4B2;Q53FV4;Q6FHG6
100,ReactomePathways.gmt,Keratinization,1/46,0.4091531993359168,0.5118465843308855,2.8481301741364544,2.5452760252297417,TGM5,O43548-2;O43548;P21980-2;P21980-3;P21980;B4DIT7;A2A2A0;Q9H035;B4YUQ1;A0A087WVW4;B4YUQ3;Q6DKH2;B4YUQ2;A0A024R9T4;P49221;A0A087WZC4;B2R7D1;A0A087WVS3;B4DPS8;Q0II16;A0A024R9P4;B4DTN7;A2A299;B4DU73;V9HWG3
101,ReactomePathways.gmt,Ketone body metabolism,1/9,0.09748535950233025,0.22986021608970503,14.044247787610619,32.69575419469378,ACSS3,F8VZB4;Q9H6R3;A0A0B4J1R2;Q9H6R3-2
102,ReactomePathways.gmt,Laminin interactions,1/18,0.18561792347620445,0.3149879913535591,7.198995455632624,12.123575510538224,COL18A1,Q8NG19;H7BXV5;P39060-1;P39060-2;D3DSM4;P39060;H7C457;D3DSM5
103,ReactomePathways.gmt,Leishmania infection,1/104,0.6977999158457615,0.7700482179346866,1.252614641995173,0.4507193965249401,SUGT1,B4DYC6;Q9Y2Z0;Q9P1S2;Q9Y2Z0-2;A8K7W3;A8K5T7
104,ReactomePathways.gmt,Linoleic acid (LA) metabolism,1/2,0.022520021019791423,0.10088969416866557,53.442477876106196,202.72605243466916,ACSL1,E7EPM6;Q9UKU0-3;B2RB13;B7Z3Z9;P33121-2;Q9UKU0-1;D6RG07;Q9ULC5-3;Q108N2;H0Y9Z9;E7ERD7;Q9UKU0-5;P33121;Q9UKU0-6;Q108N1;A8K9T3;Q9UKU0-8;P33121-3;B4DX30;Q9UKU0-7;Q9ULC5;D6RER0;Q9UKU0-9;B3KV64;Q9UKU0-2;H0Y9U7;B4DFW3;B4E0R0;Q9ULC5-4;Q9UKU0
105,ReactomePathways.gmt,Membrane Trafficking,1/281,0.9628542802527528,0.9671720124511956,0.4483094672975055,0.01696994665734783,COPS5,Q92905;A0A024R7W9;E5RHF2;Q59GH5;E5RG35;E5RK55;E5RFS1;E5RHH5;H0UI27
106,ReactomePathways.gmt,Metabolism,18/928,0.01142916520125587,0.058860594007113826,2.0714027661329353,9.262457348557906,APOA1;EPRS1;RBP4;DDAH1;NDUFA4;CPT1A;GPT;PRELP;ACSS3;ACSL5;ACSL1;GATM;LUM;TTR;PYGM;ACSL6;NAMPT;GPT2,Q3KQZ8;E7EPM6;P02766;P50416;Q8TD30-2;H0YKW9;P43490;B4DRQ4;Q9UKU0-6;Q9H6R3-2;Q108N1;B7Z8W6;B4DX30;Q9ULC5;B4DRW6;V9GZ76;D6RER0;Q9UKU0-9;B4E1C6;H6WCP5;P02647;B4DFW3;Q9Y355;Q9UKU0;Q9H6R3;A0A024R5F4;Q9UKU0-3;O94760;B7Z3Z9;P33121-2;B1AKK2;B2RB32;B4DYP1;E7ERD7;A0A024R3E3;A0A0B4J1R2;P24298;A8K9T3;A0A024R6R2;Q9UKU0-7;A6XGL1;A0A024R718;A6XMH1;B4E3V1;B3KV64;P50440-3;B4E0R0;Q9ULC5-4;V9GYZ6;Q53FV4;P07814;B2RB13;A0A0C4DGV7;P50440-2;Q108N2;H0Y9Z9;P33121;F8VZB4;B4DKX5;A0A0M4FEM1;P11217-2;B3KR40;P50440;Q9UKU0-2;P02753;C9JF35;H0Y9U7;H0YMX4;E9KL36;B4DP50;A0A087WV45;Q8TDB2;Q6FHG6;O94760-2;P11217;F8W696;O00483;A0A087WT59;H0YLC6;Q9UKU0-1;Q5VY30;Q658Z1;D6RG07;Q9ULC5-3;C9JG65;Q9UKU0-5;A0A0C4DFS8;P51884;H0YN43;Q9UKU0-8;P33121-3;P51888;Q7Z4B2;A0A024R5Q4;Q8TDB0;B4DPT5;A0A024R9Z0;P50416-2;Q53WY6;Q8TD30;B2RAQ8
107,ReactomePathways.gmt,Metabolism of RNA,2/285,0.8420833737681116,0.8652599803855826,0.7493570628421766,0.1287966825578901,APOBEC2;EPRS1,B4DKX5;Q3KQZ8;H6WCP5;B4DUL0;P07814;B4DP50;Q9Y235;V9GZ76;V9GYZ6
108,ReactomePathways.gmt,Metabolism of amino acids and derivatives,4/229,0.2597663127606384,0.37784190947001944,1.76122411581455,2.3740822894766813,EPRS1;GPT;GATM;GPT2,Q3KQZ8;P07814;Q8TD30-2;H0YKW9;H0YLC6;P50440-2;P24298;H0YN43;A0A024R6R2;B4DKX5;B3KR40;V9GZ76;A0A024R5Q4;P50440;P50440-3;B4DPT5;B4E1C6;H6WCP5;H0YMX4;Q8TD30;B4DP50;V9GYZ6
109,ReactomePathways.gmt,Metabolism of carbohydrates,3/111,0.13020050968938557,0.26040101937877114,2.8357674743900936,5.7812213983592535,PYGM;LUM;PRELP,B2RB32;A0A0M4FEM1;P11217-2;P51888;B4DRW6;P51884;Q7Z4B2;B4DRQ4;Q53FV4;Q6FHG6;P11217
110,ReactomePathways.gmt,Metabolism of fat-soluble vitamins,3/22,0.00181972488352913,0.016984098912938547,14.306829765545363,90.26278978526854,APOA1;RBP4;TTR,P02647;A0A0C4DGV7;P02753;E9KL36;P02766;F8W696;A0A024R3E3;Q53WY6;A6XGL1;Q8TDB2;Q9Y355;A0A087WT59;A0A087WV45;A6XMH1;Q5VY30;Q8TDB0
111,ReactomePathways.gmt,Metabolism of lipids,6/228,0.042710480870454044,0.15663699364536562,2.654904293514053,8.371738740715697,APOA1;CPT1A;ACSS3;ACSL1;ACSL6;ACSL5,E7EPM6;F8W696;Q9UKU0-3;P50416;B2RB13;B7Z3Z9;P33121-2;Q9UKU0-1;D6RG07;Q9ULC5-3;Q108N2;H0Y9Z9;E7ERD7;A0A024R3E3;Q9UKU0-5;A0A0B4J1R2;P33121;Q9UKU0-6;F8VZB4;Q9H6R3-2;Q108N1;A8K9T3;Q9UKU0-8;P33121-3;B4DX30;Q9UKU0-7;Q9ULC5;D6RER0;Q9UKU0-9;B3KV64;Q9UKU0-2;Q8TDB0;H0Y9U7;P02647;B4DFW3;B4E0R0;P50416-2;Q9ULC5-4;Q9Y355;B2RAQ8;Q9UKU0;Q9H6R3;A0A024R5F4
112,ReactomePathways.gmt,Metabolism of nitric oxide: NOS3 activation and regulation,1/11,0.11784620647794605,0.24670607711270948,11.597152751058099,24.799059653034984,DDAH1,B4DYP1;O94760;B4E3V1;B1AKK2;O94760-2
113,ReactomePathways.gmt,Metabolism of proteins,11/758,0.23112490098539415,0.3498106609508668,1.3943691921662025,2.042467834226825,APOA1;EPRS1;AHSG;KNG1;COPS5;SERPIND1;CP;ITIH2;TSPAN14;PTCD3;TTR,Q3KQZ8;A0A087WTE1;A2RTY6;A6NEP9;F8WE76;P02766;F8W696;P02765;Q8N2P5;E5RHF2;P01042-3;Q59GH5;P07814;E5RG35;Q1L857;Q8NG11;A0A087WT59;D3DNU8;B7Z8Q2;Q96EY7-2;B2RDU4;D3DRR6;Q96EY7;A0A024R3E3;A0A024R7W9;B8ZZQ4;H7BXY6;E5RFS1;B3KTA8;Q5T987;Q8NG11-3;B4DM79;Q5T985;B4DKX5;H7C5N5;B4DF73;P19823;P05546;B4DPP8;A6XGL1;Q6NSB2;Q8NG11-2;V9GZ76;E5RHH5;A6XMH1;P01042-2;D6RE86;Q8TDB0;A8K5A4;H6WCP5;P02647;Q05CF8;Q92905;A5PL27;B7Z5Q2;E9KL36;C9JV77;P00450;Q53WY6;Q8IVC0;Q9Y355;E5RK55;B4DP50;A0A087WV45;Q8TDB2;V9GYZ6;H0UI27
114,ReactomePathways.gmt,Metabolism of vitamins and cofactors,4/77,0.010832770300814537,0.058860594007113826,5.380464274947242,24.347566378660716,APOA1;RBP4;TTR;NAMPT,P02766;F8W696;A0A087WT59;Q658Z1;Q5VY30;A0A0C4DGV7;C9JG65;A0A024R3E3;P43490;A0A0C4DFS8;B7Z8W6;A6XGL1;A0A024R718;A6XMH1;P02753;Q8TDB0;C9JF35;P02647;E9KL36;Q53WY6;Q9Y355;A0A087WV45;Q8TDB2
115,ReactomePathways.gmt,Metabolism of water-soluble vitamins and cofactors,1/45,0.4023246779170503,0.5118465843308855,2.911309929009044,2.6507356370506803,NAMPT,B7Z8W6;C9JG65;P43490;A0A0C4DFS8;A0A024R718;Q658Z1;C9JF35
116,ReactomePathways.gmt,Metal ion SLC transporters,1/3,0.0335924293667453,0.1320123540026482,38.16561314791403,129.5132737378945,CP,A8K5A4;B7Z5Q2;A5PL27;H7C5N5;P00450;Q1L857;B3KTA8;Q6NSB2;D6RE86
117,ReactomePathways.gmt,Mitochondrial protein import,1/56,0.4733584543083937,0.5858137777076253,2.3393374579058657,1.7495959728083539,CHCHD4,A0A024R2F8;Q8N4Q1-2;A0A024R2I5;Q8N4Q1
118,ReactomePathways.gmt,Mitochondrial translation,1/74,0.5721094951531607,0.6674610776786875,1.7677139632951238,0.987135459292567,PTCD3,Q96EY7-2;B2RDU4;F8WE76;Q96EY7;B4DF73;B8ZZQ4
119,ReactomePathways.gmt,Mitochondrial translation elongation,1/69,0.5466680712806343,0.6444928840361163,1.8967976061628573,1.1455016382988117,PTCD3,Q96EY7-2;B2RDU4;F8WE76;Q96EY7;B4DF73;B8ZZQ4
120,ReactomePathways.gmt,Mitochondrial translation initiation,1/69,0.5466680712806343,0.6444928840361163,1.8967976061628573,1.1455016382988117,PTCD3,Q96EY7-2;B2RDU4;F8WE76;Q96EY7;B4DF73;B8ZZQ4
121,ReactomePathways.gmt,Mitochondrial translation termination,1/68,0.5414042864085622,0.6444928840361163,1.9248756540275176,1.1810824979703531,PTCD3,Q96EY7-2;B2RDU4;F8WE76;Q96EY7;B4DF73;B8ZZQ4
122,ReactomePathways.gmt,Molecules associated with elastic fibres,1/16,0.16679462804219797,0.306245874438134,8.074818986323411,14.461936170086132,MFAP4,P55083;P55083-2;K7ES70;A0A024QZ34
123,ReactomePathways.gmt,Muscle contraction,5/92,0.0036185032677115447,0.030020175258051333,5.597683397683397,31.468467652170414,TMOD1;ATP1A1;TMOD3;ATP2A2;TMOD4,H0YNJ8;Q9NZQ9-2;P05023;Q5TC01;P05023-4;Q9NZQ9;P28289-2;Q9NYL9;Q5HYL6;P28289;Q58I23;P05023-2;B7Z3V1;P05023-3;P16615-2;H0YKU1;Q5TC02;B7Z1N5
124,ReactomePathways.gmt,NPAS4 regulates expression of target genes,1/4,0.04454159087064025,0.15663699364536562,29.678466076696164,92.33955824733346,NAMPT,B7Z8W6;C9JG65;P43490;A0A0C4DFS8;A0A024R718;Q658Z1;C9JF35
125,ReactomePathways.gmt,NRAGE signals death through JNK,1/8,0.08713250490213563,0.22694978021021373,15.699635606454972,38.312217565093526,ABR,B7Z2X0;B7Z683;A0A0G2JQ41;B7Z7Z1;I3L1U8;Q12979-3;Q12979-2;I3L379;Q6ZT60;Q12979;Q12979-4
126,ReactomePathways.gmt,Neddylation,1/95,0.6644920288680272,0.755564540438772,1.3731640643098735,0.5612566389093863,COPS5,Q92905;A0A024R7W9;E5RHF2;Q59GH5;E5RG35;E5RK55;E5RFS1;E5RHH5;H0UI27
127,ReactomePathways.gmt,Nef Mediated CD4 Down-regulation,1/8,0.08713250490213563,0.22694978021021373,15.699635606454972,38.312217565093526,ATP6V1H,E5RJG1;E5RK31;Q8TF11;A0A0D9SG68;E5RHH0;A0A024R7X3;E5RG49;Q9UI12;B3KUZ7;G3V126;Q9UI12-2;A0A024R7U9;B4E054
128,ReactomePathways.gmt,Nef Mediated CD8 Down-regulation,1/6,0.06607554939677024,0.19474898769574386,20.53846153846154,55.80210665458797,ATP6V1H,E5RJG1;E5RK31;Q8TF11;A0A0D9SG68;E5RHH0;A0A024R7X3;E5RG49;Q9UI12;B3KUZ7;G3V126;Q9UI12-2;A0A024R7U9;B4E054
129,ReactomePathways.gmt,Nef-mediates down modulation of cell surface receptors by recruiting them to clathrin adapters,1/13,0.13775558982640293,0.2683239314879501,9.87512291052114,19.5752018835318,ATP6V1H,E5RJG1;E5RK31;Q8TF11;A0A0D9SG68;E5RHH0;A0A024R7X3;E5RG49;Q9UI12;B3KUZ7;G3V126;Q9UI12-2;A0A024R7U9;B4E054
130,ReactomePathways.gmt,Neutrophil degranulation,5/260,0.16965082455671288,0.3084534200887511,1.9200987112695367,3.4062799357214018,ERP44;AHSG;TSPAN14;A1BG;TTR,A6NEP9;Q9BS26;P02766;P02765;Q8N2P5;Q8NG11;A0A087WT59;P04217;B7Z8Q2;P04217-2;H7BXY6;Q8NG11-3;B3KP79;B3KWB5;A6XGL1;V9HWD8;Q8NG11-2;A6XMH1;E9KL36;Q7Z3U3;C9JV77;Q53WY6;A0A087WV45;Q8TDB2;M0R009
131,ReactomePathways.gmt,Nicotinamide salvaging,1/6,0.06607554939677024,0.19474898769574386,20.53846153846154,55.80210665458797,NAMPT,B7Z8W6;C9JG65;P43490;A0A0C4DFS8;A0A024R718;Q658Z1;C9JF35
132,ReactomePathways.gmt,Nicotinate metabolism,1/10,0.10772283900648288,0.24622363201481803,12.70417193426043,28.30735530814533,NAMPT,B7Z8W6;C9JG65;P43490;A0A0C4DFS8;A0A024R718;Q658Z1;C9JF35
133,ReactomePathways.gmt,Non-integrin membrane-ECM interactions,1/27,0.2652805053373268,0.3809155974074436,4.834271922767498,6.414921737906518,TTR,E9KL36;P02766;Q53WY6;A6XGL1;Q8TDB2;A0A087WT59;A0A087WV45;A6XMH1
134,ReactomePathways.gmt,Nucleotide Excision Repair,1/30,0.2900931143868717,0.40111640507814356,4.356158421587117,5.390978332089901,COPS5,Q92905;A0A024R7W9;E5RHF2;Q59GH5;E5RG35;E5RK55;E5RFS1;E5RHH5;H0UI27
135,ReactomePathways.gmt,"Nucleotide-binding domain, leucine rich repeat containing receptor (NLR) signaling pathways",1/9,0.09748535950233025,0.22986021608970503,14.044247787610619,32.69575419469378,SUGT1,B4DYC6;Q9Y2Z0;Q9P1S2;Q9Y2Z0-2;A8K7W3;A8K5T7
136,ReactomePathways.gmt,PPARA activates gene expression,3/19,0.0011729212840390954,0.013147111565967304,16.51776052693484,111.46610661328553,APOA1;ACSL1;CPT1A,E7EPM6;F8W696;Q9UKU0-3;P50416;B2RB13;B7Z3Z9;P33121-2;Q9UKU0-1;D6RG07;Q9ULC5-3;Q108N2;H0Y9Z9;E7ERD7;A0A024R3E3;Q9UKU0-5;P33121;Q9UKU0-6;Q108N1;A8K9T3;Q9UKU0-8;P33121-3;B4DX30;Q9UKU0-7;Q9ULC5;D6RER0;Q9UKU0-9;B3KV64;Q9UKU0-2;Q8TDB0;H0Y9U7;P02647;B4DFW3;B4E0R0;P50416-2;Q9ULC5-4;Q9Y355;B2RAQ8;Q9UKU0;A0A024R5F4
137,ReactomePathways.gmt,Parasitic Infection Pathways,1/104,0.6977999158457615,0.7700482179346866,1.252614641995173,0.4507193965249401,SUGT1,B4DYC6;Q9Y2Z0;Q9P1S2;Q9Y2Z0-2;A8K7W3;A8K5T7
138,ReactomePathways.gmt,Peptide ligand-binding receptors,1/11,0.11784620647794605,0.24670607711270948,11.597152751058099,24.799059653034984,KNG1,Q05CF8;P01042-3;B4DPP8;D3DNU8;P01042-2
139,ReactomePathways.gmt,Plasma lipoprotein assembly,2/14,0.010505418956330222,0.058860594007113826,15.59645852749301,71.05534492902534,APOA1;A2M,P01023;P02647;F8W696;A0A024R3E3;B7Z7M2;P20742-2;Q9Y355;B2R950;P20742;Q9BQ22;F8W7L3;H0YFH1;Q8TDB0
140,ReactomePathways.gmt,"Plasma lipoprotein assembly, remodeling, and clearance",2/30,0.04475342675581875,0.15663699364536562,7.391079604194358,22.96103374818703,APOA1;A2M,P01023;P02647;F8W696;A0A024R3E3;B7Z7M2;P20742-2;Q9Y355;B2R950;P20742;Q9BQ22;F8W7L3;H0YFH1;Q8TDB0
141,ReactomePathways.gmt,Plasma lipoprotein clearance,1/16,0.16679462804219797,0.306245874438134,8.074818986323411,14.461936170086132,APOA1,P02647;F8W696;A0A024R3E3;Q9Y355;Q8TDB0
142,ReactomePathways.gmt,Plasma lipoprotein remodeling,1/12,0.12785671140144925,0.25801714733265435,10.667256637168142,21.94089437693483,APOA1,P02647;F8W696;A0A024R3E3;Q9Y355;Q8TDB0
143,ReactomePathways.gmt,"Platelet activation, signaling and aggregation",9/129,1.1454951027492237e-05,0.0008553030100527537,7.419854316761533,84.41633934708814,APOA1;AHSG;KNG1;ITIH4;CLEC3B;A1BG;SERPING1;A2M;CLU,P10909-5;P05452;F8W696;P02765;B7Z7M2;P01042-3;Q8IWM0;P10909-2;P04217;D3DNU8;B7Z8Q7;B7Z8Q2;P20742;Q9BQ22;H0YFH1;Q14624;H0YC35;E7ERK6;A0A024R3E3;P04217-2;Q68DH2;E9KL26;P20742-2;E5RJZ5;Q14624-4;B3KP79;B3KWB5;B4DW11;A0A024R2Q7;E7ETB4;B7Z544;Q14624-2;P10909-3;A0A0S2Z333;Q6LDQ3;E5RG36;B4DPP8;P05155-3;H7C0L5;V9HWD8;P10909-4;H9KV48;H0YAS8;P01042-2;B7ZKJ8;P05155;P10909;P05155-2;Q8TDB0;E5RGB0;P01023;Q14624-3;P02647;Q05CF8;E5RH61;Q8IWL5;B7Z551;C9JV77;B2RMS9;E9PHK0;Q7Z3U3;H0YLK8;Q9Y355;E9PGN7;H0YCA1;B2R950;M0R009;F8W7L3;Q5UGI6
144,ReactomePathways.gmt,Platelet calcium homeostasis,1/11,0.11784620647794605,0.24670607711270948,11.597152751058099,24.799059653034984,ATP2A2,P16615-2
145,ReactomePathways.gmt,Platelet degranulation,9/82,2.4662975607478983e-07,3.4101984589130317e-05,11.758512964698532,178.91021463301885,APOA1;AHSG;KNG1;ITIH4;CLEC3B;A1BG;SERPING1;A2M;CLU,P10909-5;P05452;F8W696;P02765;B7Z7M2;P01042-3;Q8IWM0;P10909-2;P04217;D3DNU8;B7Z8Q7;B7Z8Q2;P20742;Q9BQ22;H0YFH1;Q14624;H0YC35;E7ERK6;A0A024R3E3;P04217-2;Q68DH2;E9KL26;P20742-2;E5RJZ5;Q14624-4;B3KP79;B3KWB5;B4DW11;A0A024R2Q7;E7ETB4;B7Z544;Q14624-2;P10909-3;A0A0S2Z333;Q6LDQ3;E5RG36;B4DPP8;P05155-3;H7C0L5;V9HWD8;P10909-4;H9KV48;H0YAS8;P01042-2;B7ZKJ8;P05155;P10909;P05155-2;Q8TDB0;E5RGB0;P01023;Q14624-3;P02647;Q05CF8;E5RH61;Q8IWL5;B7Z551;C9JV77;B2RMS9;E9PHK0;Q7Z3U3;H0YLK8;Q9Y355;E9PGN7;H0YCA1;B2R950;M0R009;F8W7L3;Q5UGI6
146,ReactomePathways.gmt,Platelet homeostasis,1/36,0.3372739627248524,0.44703767840453806,3.6357134198084617,3.9515105171543206,ATP2A2,P16615-2
147,ReactomePathways.gmt,Post-translational protein modification,7/429,0.20882568290673775,0.3341210926507804,1.5925148975898753,2.4942851026976585,APOA1;AHSG;KNG1;COPS5;SERPIND1;CP;ITIH2,A0A087WTE1;A2RTY6;F8W696;P02765;E5RHF2;P01042-3;Q59GH5;E5RG35;Q1L857;D3DNU8;B7Z8Q2;D3DRR6;A0A024R3E3;A0A024R7W9;E5RFS1;B3KTA8;Q5T987;B4DM79;Q5T985;H7C5N5;P19823;P05546;B4DPP8;Q6NSB2;E5RHH5;P01042-2;D6RE86;Q8TDB0;A8K5A4;B7Z5Q2;P02647;Q05CF8;Q92905;A5PL27;C9JV77;P00450;Q8IVC0;Q9Y355;E5RK55;H0UI27
148,ReactomePathways.gmt,Post-translational protein phosphorylation,6/51,1.958012148184956e-05,0.0008771894423868602,12.213309454236969,132.40443547763044,APOA1;AHSG;KNG1;SERPIND1;CP;ITIH2,A0A087WTE1;A2RTY6;F8W696;P02765;P01042-3;Q1L857;D3DNU8;B7Z8Q2;D3DRR6;A0A024R3E3;B3KTA8;Q5T987;B4DM79;Q5T985;H7C5N5;P19823;P05546;B4DPP8;Q6NSB2;P01042-2;D6RE86;Q8TDB0;A8K5A4;B7Z5Q2;P02647;Q05CF8;A5PL27;C9JV77;P00450;Q8IVC0;Q9Y355
149,ReactomePathways.gmt,Potential therapeutics for SARS,1/73,0.5671360533146064,0.6651229106935698,1.792125699837457,1.0164149349994256,ATP1A1,Q5TC01;P05023;P05023-4;Q58I23;P05023-2;B7Z3V1;P05023-3;Q5TC02;B7Z1N5
150,ReactomePathways.gmt,Pre-NOTCH Expression and Processing,1/31,0.29817958370740477,0.402362811749751,4.217024863042562,5.102850339803848,ATP2A2,P16615-2
151,ReactomePathways.gmt,Pre-NOTCH Processing in Golgi,1/6,0.06607554939677024,0.19474898769574386,20.53846153846154,55.80210665458797,ATP2A2,P16615-2
152,ReactomePathways.gmt,Protein localization,1/105,0.7012939127619467,0.7700482179346866,1.240489871241035,0.4401607923625284,CHCHD4,A0A024R2F8;Q8N4Q1-2;A0A024R2I5;Q8N4Q1
153,ReactomePathways.gmt,Purinergic signaling in leishmaniasis infection,1/9,0.09748535950233025,0.22986021608970503,14.044247787610619,32.69575419469378,SUGT1,B4DYC6;Q9Y2Z0;Q9P1S2;Q9Y2Z0-2;A8K7W3;A8K5T7
154,ReactomePathways.gmt,RAC1 GTPase cycle,1/41,0.3742267219660075,0.48454789433748946,3.194477023136795,3.1398305638511594,ABR,B7Z2X0;B7Z683;A0A0G2JQ41;B7Z7Z1;I3L1U8;Q12979-3;Q12979-2;I3L379;Q6ZT60;Q12979;Q12979-4
155,ReactomePathways.gmt,RAC2 GTPase cycle,1/32,0.3061755388800367,0.41067856712052825,4.0864533696392105,4.836712661863337,ABR,B7Z2X0;B7Z683;A0A0G2JQ41;B7Z7Z1;I3L1U8;Q12979-3;Q12979-2;I3L379;Q6ZT60;Q12979;Q12979-4
156,ReactomePathways.gmt,RAC3 GTPase cycle,1/31,0.29817958370740477,0.402362811749751,4.217024863042562,5.102850339803848,ABR,B7Z2X0;B7Z683;A0A0G2JQ41;B7Z7Z1;I3L1U8;Q12979-3;Q12979-2;I3L379;Q6ZT60;Q12979;Q12979-4
157,ReactomePathways.gmt,RHO GTPase cycle,2/154,0.5249997645194431,0.6356753905532716,1.422927782151083,0.916874138478236,TMOD3;ABR,Q9NZQ9;P28289-2;Q5HYL6;Q12979-2;I3L379;Q12979;H0YNJ8;A0A0G2JQ41;B7Z7Z1;I3L1U8;H0YKU1;Q6ZT60;Q12979-4;B7Z2X0;Q9NYL9;Q9NZQ9-2;B7Z683;Q12979-3;P28289
158,ReactomePathways.gmt,RHOA GTPase cycle,1/45,0.4023246779170503,0.5118465843308855,2.911309929009044,2.6507356370506803,ABR,B7Z2X0;B7Z683;A0A0G2JQ41;B7Z7Z1;I3L1U8;Q12979-3;Q12979-2;I3L379;Q6ZT60;Q12979;Q12979-4
159,ReactomePathways.gmt,RHOB GTPase cycle,1/22,0.22201978091097443,0.34298228223488464,5.9144542772861355,8.901187432869714,ABR,B7Z2X0;B7Z683;A0A0G2JQ41;B7Z7Z1;I3L1U8;Q12979-3;Q12979-2;I3L379;Q6ZT60;Q12979;Q12979-4
160,ReactomePathways.gmt,RHOBTB GTPase Cycle,1/26,0.25682180786292325,0.3760005553025804,5.017699115044247,6.82092364132071,TMOD3,H0YNJ8;Q9NZQ9-2;Q9NZQ9;P28289-2;Q9NYL9;Q5HYL6;P28289;H0YKU1
161,ReactomePathways.gmt,RHOBTB2 GTPase cycle,1/19,0.19487226525488385,0.3209660839492205,6.828454731109598,11.16732987805254,TMOD3,H0YNJ8;Q9NZQ9-2;Q9NZQ9;P28289-2;Q9NYL9;Q5HYL6;P28289;H0YKU1
162,ReactomePathways.gmt,RHOC GTPase cycle,1/29,0.2819151247991697,0.39716344625794975,4.5047247637618115,5.703653787556555,ABR,B7Z2X0;B7Z683;A0A0G2JQ41;B7Z7Z1;I3L1U8;Q12979-3;Q12979-2;I3L379;Q6ZT60;Q12979;Q12979-4
163,ReactomePathways.gmt,RNA Polymerase II Transcription,2/252,0.7873366782010791,0.8358455730665485,0.8531799125858531,0.20399473911402669,NDUFA4;NAMPT,A0A024R9Z0;B7Z8W6;C9JG65;P43490;A0A0C4DFS8;O00483;A0A024R718;Q658Z1;C9JF35
164,ReactomePathways.gmt,RND3 GTPase cycle,1/16,0.16679462804219797,0.306245874438134,8.074818986323411,14.461936170086132,TMOD3,H0YNJ8;Q9NZQ9-2;Q9NZQ9;P28289-2;Q9NYL9;Q5HYL6;P28289;H0YKU1
165,ReactomePathways.gmt,RORA activates gene expression,1/2,0.022520021019791423,0.10088969416866557,53.442477876106196,202.72605243466916,CPT1A,P50416-2;P50416;B2RAQ8;A0A024R5F4
166,ReactomePathways.gmt,ROS and RNS production in phagocytes,1/13,0.13775558982640293,0.2683239314879501,9.87512291052114,19.5752018835318,ATP6V1H,E5RJG1;E5RK31;Q8TF11;A0A0D9SG68;E5RHH0;A0A024R7X3;E5RG49;Q9UI12;B3KUZ7;G3V126;Q9UI12-2;A0A024R7U9;B4E054
167,ReactomePathways.gmt,Reduction of cytosolic Ca++ levels,1/10,0.10772283900648288,0.24622363201481803,12.70417193426043,28.30735530814533,ATP2A2,P16615-2
168,ReactomePathways.gmt,Regulation of Complement cascade,2/77,0.216568091024084,0.33923952719856515,2.881429816913688,4.408156191437976,CLU;SERPING1,P10909-5;Q8IWM0;P10909-2;H0YC35;E7ERK6;E9KL26;E5RJZ5;B4DW11;E7ETB4;P10909-3;A0A0S2Z333;Q6LDQ3;E5RG36;P05155-3;P10909-4;H9KV48;H0YAS8;P10909;P05155;P05155-2;E5RGB0;E5RH61;Q8IWL5;H0YLK8;E9PGN7;H0YCA1;Q5UGI6
169,ReactomePathways.gmt,Regulation of Insulin-like Growth Factor (IGF) transport and uptake by Insulin-like Growth Factor Binding Proteins (IGFBPs),6/56,3.379333356044861e-05,0.0012616177862567481,11.121316264283873,114.49669798229503,APOA1;AHSG;KNG1;SERPIND1;CP;ITIH2,A0A087WTE1;A2RTY6;F8W696;P02765;P01042-3;Q1L857;D3DNU8;B7Z8Q2;D3DRR6;A0A024R3E3;B3KTA8;Q5T987;B4DM79;Q5T985;H7C5N5;P19823;P05546;B4DPP8;Q6NSB2;P01042-2;D6RE86;Q8TDB0;A8K5A4;B7Z5Q2;P02647;Q05CF8;A5PL27;C9JV77;P00450;Q8IVC0;Q9Y355
170,ReactomePathways.gmt,Regulation of lipid metabolism by PPARalpha,3/19,0.0011729212840390954,0.013147111565967304,16.51776052693484,111.46610661328553,APOA1;ACSL1;CPT1A,E7EPM6;F8W696;Q9UKU0-3;P50416;B2RB13;B7Z3Z9;P33121-2;Q9UKU0-1;D6RG07;Q9ULC5-3;Q108N2;H0Y9Z9;E7ERD7;A0A024R3E3;Q9UKU0-5;P33121;Q9UKU0-6;Q108N1;A8K9T3;Q9UKU0-8;P33121-3;B4DX30;Q9UKU0-7;Q9ULC5;D6RER0;Q9UKU0-9;B3KV64;Q9UKU0-2;Q8TDB0;H0Y9U7;P02647;B4DFW3;B4E0R0;P50416-2;Q9ULC5-4;Q9Y355;B2RAQ8;Q9UKU0;A0A024R5F4
171,ReactomePathways.gmt,Respiratory electron transport,1/95,0.6644920288680272,0.755564540438772,1.3731640643098735,0.5612566389093863,NDUFA4,O00483;A0A024R9Z0
172,ReactomePathways.gmt,"Respiratory electron transport, ATP synthesis by chemiosmotic coupling, and heat production by uncoupling proteins.",1/113,0.7278534258477316,0.7949904857763512,1.1511831897391915,0.3656797743883424,NDUFA4,O00483;A0A024R9Z0
173,ReactomePathways.gmt,Response of Mtb to phagocytosis,1/15,0.15722334505114718,0.2984578753513302,8.597487867542107,15.906108313671538,ATP6V1H,E5RJG1;E5RK31;Q8TF11;A0A0D9SG68;E5RHH0;A0A024R7X3;E5RG49;Q9UI12;B3KUZ7;G3V126;Q9UI12-2;A0A024R7U9;B4E054
174,ReactomePathways.gmt,Response to elevated platelet cytosolic Ca2+,9/84,3.044820052600921e-07,3.4101984589130317e-05,11.47556884035869,172.18693815352714,APOA1;AHSG;KNG1;ITIH4;CLEC3B;A1BG;SERPING1;A2M;CLU,P10909-5;P05452;F8W696;P02765;B7Z7M2;P01042-3;Q8IWM0;P10909-2;P04217;D3DNU8;B7Z8Q7;B7Z8Q2;P20742;Q9BQ22;H0YFH1;Q14624;H0YC35;E7ERK6;A0A024R3E3;P04217-2;Q68DH2;E9KL26;P20742-2;E5RJZ5;Q14624-4;B3KP79;B3KWB5;B4DW11;A0A024R2Q7;E7ETB4;B7Z544;Q14624-2;P10909-3;A0A0S2Z333;Q6LDQ3;E5RG36;B4DPP8;P05155-3;H7C0L5;V9HWD8;P10909-4;H9KV48;H0YAS8;P01042-2;B7ZKJ8;P05155;P10909;P05155-2;Q8TDB0;E5RGB0;P01023;Q14624-3;P02647;Q05CF8;E5RH61;Q8IWL5;B7Z551;C9JV77;B2RMS9;E9PHK0;Q7Z3U3;H0YLK8;Q9Y355;E9PGN7;H0YCA1;B2R950;M0R009;F8W7L3;Q5UGI6
175,ReactomePathways.gmt,Retinoid cycle disease events,2/2,0.00012598613157925273,0.0025655357703411466,90.67567567567568,814.2076059105661,RBP4;TTR,A0A0C4DGV7;E9KL36;P02766;Q53WY6;A6XGL1;Q8TDB2;A0A087WT59;A0A087WV45;A6XMH1;Q5VY30;P02753
176,ReactomePathways.gmt,Retinoid metabolism and transport,3/20,0.0013688687934461533,0.01393757316963356,15.708883419109421,103.58077330895965,APOA1;RBP4;TTR,P02647;A0A0C4DGV7;P02753;E9KL36;P02766;F8W696;A0A024R3E3;Q53WY6;A6XGL1;Q8TDB2;Q9Y355;A0A087WT59;A0A087WV45;A6XMH1;Q5VY30;Q8TDB0
177,ReactomePathways.gmt,Retinoid metabolism disease events,1/1,0.01132300357568534,0.058860594007113826,89.08849557522124,399.19832429587416,RBP4,A0A0C4DGV7;Q5VY30;P02753
178,ReactomePathways.gmt,SARS-CoV Infections,1/197,0.8985778213569976,0.9149155999271249,0.6502744483029013,0.06954162662785852,ATP1A1,Q5TC01;P05023;P05023-4;Q58I23;P05023-2;B7Z3V1;P05023-3;Q5TC02;B7Z1N5
179,ReactomePathways.gmt,SLC transporter disorders,1/14,0.1475440645087162,0.28247752521326863,9.192249008239243,17.590548811538003,CP,A8K5A4;B7Z5Q2;A5PL27;H7C5N5;P00450;Q1L857;B3KTA8;Q6NSB2;D6RE86
180,ReactomePathways.gmt,SLC-mediated transmembrane transport,1/29,0.2819151247991697,0.39716344625794975,4.5047247637618115,5.703653787556555,CP,A8K5A4;B7Z5Q2;A5PL27;H7C5N5;P00450;Q1L857;B3KTA8;Q6NSB2;D6RE86
181,ReactomePathways.gmt,Scavenging by Class A Receptors,1/11,0.11784620647794605,0.24670607711270948,11.597152751058099,24.799059653034984,APOA1,P02647;F8W696;A0A024R3E3;Q9Y355;Q8TDB0
182,ReactomePathways.gmt,Scavenging by Class B Receptors,1/4,0.04454159087064025,0.15663699364536562,29.678466076696164,92.33955824733346,APOA1,P02647;F8W696;A0A024R3E3;Q9Y355;Q8TDB0
183,ReactomePathways.gmt,Scavenging of heme from plasma,2/52,0.11672950746300523,0.24670607711270948,4.274989274989275,9.182232033684425,APOA1;HPX,P02647;F8W696;A0A024R3E3;Q9Y355;Q9BS19;P02790;B7Z8Q4;Q8TDB0
184,ReactomePathways.gmt,Selenoamino acid metabolism,1/100,0.683417929890511,0.7692744537461028,1.3035266147140405,0.4961857156608464,EPRS1,B4DKX5;Q3KQZ8;H6WCP5;P07814;B4DP50;V9GZ76;V9GYZ6
185,ReactomePathways.gmt,Sensory Perception,3/61,0.03118233966417666,0.13178951103350137,5.193481017378981,18.01049037844696,APOA1;RBP4;TTR,P02647;A0A0C4DGV7;P02753;E9KL36;P02766;F8W696;A0A024R3E3;Q53WY6;A6XGL1;Q8TDB2;Q9Y355;A0A087WT59;A0A087WV45;A6XMH1;Q5VY30;Q8TDB0
186,ReactomePathways.gmt,Signal Transduction,6/648,0.7603213796184739,0.8148898996867854,0.8537176905629871,0.23393065660286258,KNG1;CPT1A;TMOD3;ATP6V1H;ATP2A2;ABR,Q9NZQ9;P28289-2;Q5HYL6;P01042-3;G3V126;Q12979-2;P50416;I3L379;D3DNU8;Q12979;H0YNJ8;Q8TF11;A0A0G2JQ41;Q9UI12;B7Z7Z1;B3KUZ7;I3L1U8;P16615-2;A0A024R7U9;H0YKU1;Q6ZT60;Q12979-4;E5RJG1;B7Z2X0;A0A024R7X3;Q9NYL9;B4DPP8;P01042-2;Q9NZQ9-2;E5RK31;Q05CF8;A0A0D9SG68;E5RHH0;B7Z683;P50416-2;E5RG49;Q12979-3;P28289;Q9UI12-2;B2RAQ8;B4E054;A0A024R5F4
187,ReactomePathways.gmt,Signaling by GPCR,2/95,0.29243066010299923,0.4018679010004407,2.329842931937173,2.864606421210131,KNG1;ABR,B7Z2X0;Q05CF8;B7Z683;A0A0G2JQ41;B7Z7Z1;I3L1U8;Q12979-3;P01042-3;B4DPP8;Q12979-2;I3L379;Q6ZT60;D3DNU8;P01042-2;Q12979;Q12979-4
188,ReactomePathways.gmt,Signaling by Insulin receptor,1/23,0.23086752083277728,0.3498106609508668,5.661645641122199,8.299469958803952,ATP6V1H,E5RJG1;E5RK31;Q8TF11;A0A0D9SG68;E5RHH0;A0A024R7X3;E5RG49;Q9UI12;B3KUZ7;G3V126;Q9UI12-2;A0A024R7U9;B4E054
189,ReactomePathways.gmt,Signaling by NOTCH,1/84,0.618856119436093,0.7145555193488908,1.5553751898203907,0.7463972935376845,ATP2A2,P16615-2
190,ReactomePathways.gmt,Signaling by Nuclear Receptors,1/95,0.6644920288680272,0.755564540438772,1.3731640643098735,0.5612566389093863,CPT1A,P50416-2;P50416;B2RAQ8;A0A024R5F4
191,ReactomePathways.gmt,Signaling by Receptor Tyrosine Kinases,1/156,0.8354521616442327,0.8652599803855826,0.8275891317255224,0.14878578631015815,ATP6V1H,E5RJG1;E5RK31;Q8TF11;A0A0D9SG68;E5RHH0;A0A024R7X3;E5RG49;Q9UI12;B3KUZ7;G3V126;Q9UI12-2;A0A024R7U9;B4E054
192,ReactomePathways.gmt,Signaling by Retinoic Acid,1/24,0.23961638359720175,0.357827132838488,5.429474444645114,7.757177206797059,CPT1A,P50416-2;P50416;B2RAQ8;A0A024R5F4
193,ReactomePathways.gmt,Signaling by Rho GTPases,2/266,0.8123053589826306,0.8582849076042889,0.8059936108716597,0.1675491068663005,TMOD3;ABR,Q9NZQ9;P28289-2;Q5HYL6;Q12979-2;I3L379;Q12979;H0YNJ8;A0A0G2JQ41;B7Z7Z1;I3L1U8;H0YKU1;Q6ZT60;Q12979-4;B7Z2X0;Q9NYL9;Q9NZQ9-2;B7Z683;Q12979-3;P28289
194,ReactomePathways.gmt,"Signaling by Rho GTPases, Miro GTPases and RHOBTB3",2/273,0.823804376146211,0.8622999077418283,0.7842119999341206,0.1519976832111395,TMOD3;ABR,Q9NZQ9;P28289-2;Q5HYL6;Q12979-2;I3L379;Q12979;H0YNJ8;A0A0G2JQ41;B7Z7Z1;I3L1U8;H0YKU1;Q6ZT60;Q12979-4;B7Z2X0;Q9NYL9;Q9NZQ9-2;B7Z683;Q12979-3;P28289
195,ReactomePathways.gmt,Striated Muscle Contraction,3/29,0.004082226865058948,0.03265781492047158,10.89675011662261,59.944249792770954,TMOD4;TMOD3;TMOD1,H0YNJ8;Q9NZQ9-2;Q9NZQ9;P28289-2;Q9NYL9;Q5HYL6;P28289;H0YKU1
196,ReactomePathways.gmt,Suppression of phagosomal maturation,1/8,0.08713250490213563,0.22694978021021373,15.699635606454972,38.312217565093526,ATP6V1H,E5RJG1;E5RK31;Q8TF11;A0A0D9SG68;E5RHH0;A0A024R7X3;E5RG49;Q9UI12;B3KUZ7;G3V126;Q9UI12-2;A0A024R7U9;B4E054
197,ReactomePathways.gmt,Synthesis of Ketone Bodies,1/7,0.07666299841912184,0.21465639557354116,17.79646017699115,45.70729124185897,ACSS3,F8VZB4;Q9H6R3;A0A0B4J1R2;Q9H6R3-2
198,ReactomePathways.gmt,Synthesis of very long-chain fatty acyl-CoAs,3/12,0.0002817241540647957,0.005258850875876187,25.803669724770643,210.93421775156122,ACSL6;ACSL1;ACSL5,E7EPM6;Q9UKU0-3;B2RB13;B7Z3Z9;P33121-2;Q9UKU0-1;D6RG07;Q9ULC5-3;Q108N2;H0Y9Z9;E7ERD7;Q9UKU0-5;P33121;Q9UKU0-6;Q108N1;A8K9T3;Q9UKU0-8;P33121-3;B4DX30;Q9UKU0-7;Q9ULC5;D6RER0;Q9UKU0-9;B3KV64;Q9UKU0-2;H0Y9U7;B4DFW3;B4E0R0;Q9ULC5-4;Q9UKU0
199,ReactomePathways.gmt,TP53 Regulates Metabolic Genes,1/60,0.49707532756863654,0.6051351813879053,2.182915234403569,1.5258876544502677,NDUFA4,O00483;A0A024R9Z0
200,ReactomePathways.gmt,Terminal pathway of complement,1/8,0.08713250490213563,0.22694978021021373,15.699635606454972,38.312217565093526,CLU,H0YC35;E7ETB4;P10909-3;E5RH61;P10909-5;E7ERK6;Q6LDQ3;Q8IWL5;E5RG36;P10909-2;H0YLK8;P10909-4;E5RJZ5;Q8IWM0;H0YAS8;B4DW11;P10909;E5RGB0
201,ReactomePathways.gmt,The NLRP3 inflammasome,1/5,0.05536885316097297,0.18511377773220813,24.277554304102978,70.25288290911664,SUGT1,B4DYC6;Q9Y2Z0;Q9P1S2;Q9Y2Z0-2;A8K7W3;A8K5T7
202,ReactomePathways.gmt,The canonical retinoid cycle in rods (twilight vision),2/4,0.0007449448550604349,0.011919117680966958,50.35535535535536,362.6693585879852,RBP4;TTR,A0A0C4DGV7;E9KL36;P02766;Q53WY6;A6XGL1;Q8TDB2;A0A087WT59;A0A087WV45;A6XMH1;Q5VY30;P02753
203,ReactomePathways.gmt,The citric acid (TCA) cycle and respiratory electron transport,1/158,0.8392756050419912,0.8652599803855826,0.816811367633511,0.1431185301697723,NDUFA4,O00483;A0A024R9Z0
204,ReactomePathways.gmt,The role of Nef in HIV-1 replication and disease pathogenesis,1/16,0.16679462804219797,0.306245874438134,8.074818986323411,14.461936170086132,ATP6V1H,E5RJG1;E5RK31;Q8TF11;A0A0D9SG68;E5RHH0;A0A024R7X3;E5RG49;Q9UI12;B3KUZ7;G3V126;Q9UI12-2;A0A024R7U9;B4E054
205,ReactomePathways.gmt,Transcription-Coupled Nucleotide Excision Repair (TC-NER),1/20,0.20402326842147836,0.32878569875115937,6.494064321174185,10.322453112380439,COPS5,Q92905;A0A024R7W9;E5RHF2;Q59GH5;E5RG35;E5RK55;E5RFS1;E5RHH5;H0UI27
206,ReactomePathways.gmt,Transcriptional Regulation by NPAS4,1/8,0.08713250490213563,0.22694978021021373,15.699635606454972,38.312217565093526,NAMPT,B7Z8W6;C9JG65;P43490;A0A0C4DFS8;A0A024R718;Q658Z1;C9JF35
207,ReactomePathways.gmt,Transcriptional Regulation by TP53,1/104,0.6977999158457615,0.7700482179346866,1.252614641995173,0.4507193965249401,NDUFA4,O00483;A0A024R9Z0
208,ReactomePathways.gmt,Transferrin endocytosis and recycling,1/12,0.12785671140144925,0.25801714733265435,10.667256637168142,21.94089437693483,ATP6V1H,E5RJG1;E5RK31;Q8TF11;A0A0D9SG68;E5RHH0;A0A024R7X3;E5RG49;Q9UI12;B3KUZ7;G3V126;Q9UI12-2;A0A024R7U9;B4E054
209,ReactomePathways.gmt,Translation,2/252,0.7873366782010791,0.8358455730665485,0.8531799125858531,0.20399473911402669,EPRS1;PTCD3,B4DKX5;Q3KQZ8;H6WCP5;B2RDU4;Q96EY7-2;F8WE76;Q96EY7;B4DF73;B8ZZQ4;P07814;B4DP50;V9GZ76;V9GYZ6
210,ReactomePathways.gmt,"Transport of bile salts and organic acids, metal ions and amine compounds",1/7,0.07666299841912184,0.21465639557354116,17.79646017699115,45.70729124185897,CP,A8K5A4;B7Z5Q2;A5PL27;H7C5N5;P00450;Q1L857;B3KTA8;Q6NSB2;D6RE86
211,ReactomePathways.gmt,Transport of small molecules,6/211,0.0308966281925727,0.13178951103350137,2.8784456838577888,10.008667151083957,APOA1;ATP1A1;CP;A2M;ATP6V1H;ATP2A2,F8W696;Q58I23;B7Z7M2;P05023-2;P05023-3;G3V126;Q1L857;P20742;Q9BQ22;H0YFH1;Q5TC01;Q8TF11;Q9UI12;A0A024R3E3;B3KUZ7;P20742-2;P16615-2;B3KTA8;A0A024R7U9;E5RJG1;P05023-4;A0A024R7X3;H7C5N5;B7Z3V1;Q6NSB2;B7Z1N5;D6RE86;Q8TDB0;A8K5A4;P05023;P01023;B7Z5Q2;P02647;E5RK31;A0A0D9SG68;A5PL27;E5RHH0;E5RG49;P00450;Q9Y355;Q9UI12-2;B2R950;B4E054;Q5TC02;F8W7L3
212,ReactomePathways.gmt,Vesicle-mediated transport,3/345,0.7598329287566066,0.8148898996867854,0.8716658479268179,0.2394088656878014,APOA1;HPX;COPS5,E5RHH5;P02647;Q92905;F8W696;A0A024R3E3;A0A024R7W9;E5RHF2;Q59GH5;Q9Y355;E5RG35;E5RFS1;Q9BS19;E5RK55;P02790;B7Z8Q4;H0UI27;Q8TDB0
213,ReactomePathways.gmt,Viral Infection Pathways,2/379,0.9359171931279988,0.9443488795525754,0.5525881612838135,0.036596960872191,ATP1A1;ATP6V1H,Q58I23;P05023-2;G3V126;P05023-3;Q5TC01;Q8TF11;Q9UI12;B3KUZ7;A0A024R7U9;E5RJG1;P05023-4;A0A024R7X3;B7Z3V1;B7Z1N5;E5RK31;P05023;A0A0D9SG68;E5RHH0;E5RG49;Q9UI12-2;B4E054;Q5TC02
214,ReactomePathways.gmt,Visual phototransduction,3/30,0.004499673198248563,0.03475609642785096,10.537374041209205,56.94134032242152,APOA1;RBP4;TTR,P02647;A0A0C4DGV7;P02753;E9KL36;P02766;F8W696;A0A024R3E3;Q53WY6;A6XGL1;Q8TDB2;Q9Y355;A0A087WT59;A0A087WV45;A6XMH1;Q5VY30;Q8TDB0
215,ReactomePathways.gmt,alpha-linolenic (omega3) and linoleic (omega6) acid metabolism,1/6,0.06607554939677024,0.19474898769574386,20.53846153846154,55.80210665458797,ACSL1,E7EPM6;Q9UKU0-3;B2RB13;B7Z3Z9;P33121-2;Q9UKU0-1;D6RG07;Q9ULC5-3;Q108N2;H0Y9Z9;E7ERD7;Q9UKU0-5;P33121;Q9UKU0-6;Q108N1;A8K9T3;Q9UKU0-8;P33121-3;B4DX30;Q9UKU0-7;Q9ULC5;D6RER0;Q9UKU0-9;B3KV64;Q9UKU0-2;H0Y9U7;B4DFW3;B4E0R0;Q9ULC5-4;Q9UKU0
216,ReactomePathways.gmt,alpha-linolenic acid (ALA) metabolism,1/6,0.06607554939677024,0.19474898769574386,20.53846153846154,55.80210665458797,ACSL1,E7EPM6;Q9UKU0-3;B2RB13;B7Z3Z9;P33121-2;Q9UKU0-1;D6RG07;Q9ULC5-3;Q108N2;H0Y9Z9;E7ERD7;Q9UKU0-5;P33121;Q9UKU0-6;Q108N1;A8K9T3;Q9UKU0-8;P33121-3;B4DX30;Q9UKU0-7;Q9ULC5;D6RER0;Q9UKU0-9;B3KV64;Q9UKU0-2;H0Y9U7;B4DFW3;B4E0R0;Q9ULC5-4;Q9UKU0
217,ReactomePathways.gmt,eNOS activation,1/9,0.09748535950233025,0.22986021608970503,14.044247787610619,32.69575419469378,DDAH1,B4DYP1;O94760;B4E3V1;B1AKK2;O94760-2
218,ReactomePathways.gmt,mRNA Editing,1/1,0.01132300357568534,0.058860594007113826,89.08849557522124,399.19832429587416,APOBEC2,B4DUL0;Q9Y235
219,ReactomePathways.gmt,mRNA Editing: C to U Conversion,1/1,0.01132300357568534,0.058860594007113826,89.08849557522124,399.19832429587416,APOBEC2,B4DUL0;Q9Y235
220,ReactomePathways.gmt,p75 NTR receptor-mediated signalling,1/18,0.18561792347620445,0.3149879913535591,7.198995455632624,12.123575510538224,ABR,B7Z2X0;B7Z683;A0A0G2JQ41;B7Z7Z1;I3L1U8;Q12979-3;Q12979-2;I3L379;Q6ZT60;Q12979;Q12979-4
221,ReactomePathways.gmt,tRNA Aminoacylation,1/40,0.36700187350582153,0.4779559282866513,3.2740085217961323,3.281827921538775,EPRS1,B4DKX5;Q3KQZ8;H6WCP5;P07814;B4DP50;V9GZ76;V9GYZ6
222,ReactomePathways.gmt,tRNA modification in the nucleus and cytosol,1/3,0.0335924293667453,0.1320123540026482,38.16561314791403,129.5132737378945,EPRS1,B4DKX5;Q3KQZ8;H6WCP5;P07814;B4DP50;V9GZ76;V9GYZ6
223,ReactomePathways.gmt,tRNA processing,1/31,0.29817958370740477,0.402362811749751,4.217024863042562,5.102850339803848,EPRS1,B4DKX5;Q3KQZ8;H6WCP5;P07814;B4DP50;V9GZ76;V9GYZ6
